{"learner":{"attributes":{"scikit_learn":"{\"_estimator_type\": \"classifier\"}"},"feature_names":[],"feature_types":[],"gradient_booster":{"model":{"cats":{"enc":[],"feature_segments":[],"sorted_idx":[]},"gbtree_model_param":{"num_parallel_tree":"1","num_trees":"5"},"iteration_indptr":[0,1,2,3,4,5],"tree_info":[0,0,0,0,0],"trees":[{"base_weights":[-4.9459665E-8,3.9847487E-1,-4.2911837E-1,6.6516954E-1,-2.063605E-1,-7.010324E-1,3.540414E-1,9.987515E-1,-3.128259E-1,-1.0739999E0,2.0998982E-1,1.2798339E0,-3.170902E-2,2.2044088E-1,-3.3913255E-1,-3.9894536E-1,2.164675E-2,2.621663E-1,-1.4105043E-1,8.684035E-2,1.4376463E0,1.4190651E-1,4.9605563E-1],"categories":[],"categories_nodes":[],"categories_segments":[],"categories_sizes":[],"default_left":[0,0,0,0,0,0,0,0,0,0,0,0,0,0,0,0,0,0,0,0,0,0,0],"id":0,"left_children":[1,3,5,7,-1,9,-1,11,13,15,17,19,-1,-1,-1,-1,-1,-1,-1,-1,21,-1,-1],"loss_changes":[4.601418E0,4.5000963E0,6.496944E0,4.133149E0,0E0,4.2048135E0,0E0,2.9203024E0,4.034264E0,2.5802975E0,2.3247008E0,7.134476E-1,0E0,0E0,0E0,0E0,0E0,0E0,0E0,0E0,4.635172E-1,0E0,0E0],"parents":[2147483647,0,0,1,1,2,2,3,3,5,5,7,7,8,8,9,9,10,10,11,11,20,20],"right_children":[2,4,6,8,-1,10,-1,12,14,16,18,20,-1,-1,-1,-1,-1,-1,-1,-1,22,-1,-1],"split_conditions":[4.1433495E-1,8.495874E-1,7.9802E-1,7.5175905E-1,-2.063605E-1,5.704055E-1,3.540414E-1,7.8656965E-1,1.5693341E-1,8.5720766E-1,6.321194E-1,1.7742927E-1,-3.170902E-2,2.2044088E-1,-3.3913255E-1,-3.9894536E-1,2.164675E-2,2.621663E-1,-1.4105043E-1,8.684035E-2,1.6979645E-1,1.4190651E-1,4.9605563E-1],"split_indices":[2,4,4,3,0,5,0,5,2,7,9,4,0,0,0,0,0,0,0,0,6,0,0],"split_type":[0,0,0,0,0,0,0,0,0,0,0,0,0,0,0,0,0,0,0,0,0,0,0],"sum_hessian":[2.4909998E1,1.2953199E1,1.19567995E1,1.0711299E1,2.2419E0,1.0711299E1,1.2455E0,7.9711995E0,2.7401E0,7.4729996E0,3.2382998E0,6.2274995E0,1.7436999E0,1.2455E0,1.4945999E0,5.9783998E0,1.4945999E0,1.4945999E0,1.7436999E0,1.2455E0,4.982E0,1.4945999E0,3.4873998E0],"tree_param":{"num_deleted":"0","num_feature":"10","num_nodes":"23","size_leaf_vector":"1"}},{"base_weights":[1.5764818E-2,-6.560189E-1,2.0637627E-1,6.1850168E-2,-3.19225E-1,3.2234302E-1,-2.7172232E-1,6.6118276E-1,-5.6363493E-2,-1.20552294E-1,1.1047474E0,-2.930862E-1,2.3438516E-1,2.13381E-1,-2.5154185E-1,4.2153248E-1,-4.018405E-2,-6.4607364E-1,2.9076365E-1,1.17653064E-1,-3.3364683E-1,-1.4418137E-1,2.4404831E-1],"categories":[],"categories_nodes":[],"categories_segments":[],"categories_sizes":[],"default_left":[0,0,0,0,0,0,0,0,0,0,0,0,0,0,0,0,0,0,0,0,0,0,0],"id":1,"left_children":[1,3,5,-1,-1,7,-1,9,11,13,15,17,-1,-1,-1,-1,-1,19,21,-1,-1,-1,-1],"loss_changes":[3.3732324E0,2.2698746E0,2.930365E0,0E0,0E0,2.5091677E0,0E0,3.6857777E0,2.2154615E0,3.3496928E0,2.6567612E0,1.9474449E0,0E0,0E0,0E0,0E0,0E0,3.1612086E0,1.9661785E0,0E0,0E0,0E0,0E0],"parents":[2147483647,0,0,1,1,2,2,5,5,7,7,8,8,9,9,10,10,11,11,17,17,18,18],"right_children":[2,4,6,-1,-1,8,-1,10,12,14,16,18,-1,-1,-1,-1,-1,20,22,-1,-1,-1,-1],"split_conditions":[1.7762634E-1,2.2468476E-1,9.697526E-1,6.1850168E-2,-3.19225E-1,5.529856E-1,-2.7172232E-1,3.3910984E-1,8.4382576E-1,3.6270326E-1,7.576521E-1,6.4617527E-1,2.3438516E-1,2.13381E-1,-2.5154185E-1,4.2153248E-1,-4.018405E-2,2.353145E-1,1.9468571E-1,1.17653064E-1,-3.3364683E-1,-1.4418137E-1,2.4404831E-1],"split_indices":[8,2,3,0,0,8,0,5,7,7,4,6,0,0,0,0,0,2,1,0,0,0,0],"split_type":[0,0,0,0,0,0,0,0,0,0,0,0,0,0,0,0,0,0,0,0,0,0,0],"sum_hessian":[2.4285858E1,4.828129E0,1.945773E1,1.7099655E0,3.118163E0,1.8263449E1,1.1942796E0,9.245413E0,9.018037E0,3.6105056E0,5.6349072E0,7.5379014E0,1.4801352E0,1.6768631E0,1.9336424E0,4.4270763E0,1.2078313E0,4.6313047E0,2.9065967E0,1.48403E0,3.1472747E0,1.2066259E0,1.6999707E0],"tree_param":{"num_deleted":"0","num_feature":"10","num_nodes":"23","size_leaf_vector":"1"}},{"base_weights":[6.9776145E-3,3.0411634E-1,-9.968567E-2,6.394564E-1,-2.4865223E-1,2.8653508E-1,-2.7033279E-2,-3.469803E-1,-7.51989E-2,-4.591395E-1,3.887945E-1,2.7915144E-1,-7.152523E-1,-1.9114035E-1,7.691073E-1,2.704183E-1,-1.3796969E-1,-2.9120728E-1,1.63203E-3,-1.797484E-2,3.1536016E-1],"categories":[],"categories_nodes":[],"categories_segments":[],"categories_sizes":[],"default_left":[0,0,0,0,0,0,0,0,0,0,0,0,0,0,0,0,0,0,0,0,0],"id":2,"left_children":[1,-1,3,5,7,-1,-1,-1,9,11,13,15,17,-1,19,-1,-1,-1,-1,-1,-1],"loss_changes":[2.7108521E0,0E0,2.6789145E0,1.0345949E0,3.0260954E0,0E0,0E0,0E0,3.3256614E0,2.114254E0,3.822354E0,1.9446005E0,1.4409025E0,0E0,1.6260982E0,0E0,0E0,0E0,0E0,0E0,0E0],"parents":[2147483647,0,0,2,2,3,3,4,4,8,8,9,9,10,10,11,11,12,12,14,14],"right_children":[2,-1,4,6,8,-1,-1,-1,10,12,14,16,18,-1,20,-1,-1,-1,-1,-1,-1],"split_conditions":[4.4448074E-2,3.0411634E-1,7.543419E-2,6.6261756E-1,1.8518029E-1,2.8653508E-1,-2.7033279E-2,-3.469803E-1,5.900163E-1,2.3988098E-1,2.1676254E-1,6.8154705E-1,6.734504E-1,-1.9114035E-1,3.024035E-1,2.704183E-1,-1.3796969E-1,-2.9120728E-1,1.63203E-3,-1.797484E-2,3.1536016E-1],"split_indices":[0,0,6,8,6,0,0,0,7,2,9,3,3,0,4,0,0,0,0,0,0],"split_type":[0,0,0,0,0,0,0,0,0,0,0,0,0,0,0,0,0,0,0,0,0],"sum_hessian":[2.3303745E1,1.4178072E0,2.1885939E1,3.1187434E0,1.8767195E1,1.9610882E0,1.1576552E0,2.1010547E0,1.666614E1,9.125513E0,7.5406265E0,2.3271453E0,6.798368E0,1.8567041E0,5.6839223E0,1.1441574E0,1.1829879E0,4.763227E0,2.035141E0,1.6430075E0,4.040915E0],"tree_param":{"num_deleted":"0","num_feature":"10","num_nodes":"21","size_leaf_vector":"1"}},{"base_weights":[1.1085666E-2,2.6345614E-1,-8.1585474E-2,5.204919E-1,-2.074977E-1,1.4188994E-2,2.7196926E-1,-2.9723355E-1,-5.9469055E-2,-6.454851E-1,1.8102852E-1,-3.276354E-1,1.3854226E-1,-1.7218505E-1,7.882699E-1,2.6228783E-1,-1.5748248E-1,3.0171272E-1,1.270765E-2],"categories":[],"categories_nodes":[],"categories_segments":[],"categories_sizes":[],"default_left":[0,0,0,0,0,0,0,0,0,0,0,0,0,0,0,0,0,0,0],"id":3,"left_children":[1,-1,3,5,7,-1,-1,-1,9,11,13,-1,-1,15,17,-1,-1,-1,-1],"loss_changes":[1.9284772E0,0E0,1.7599959E0,6.9775116E-1,2.1136544E0,0E0,0E0,0E0,2.4878204E0,3.0335839E0,2.8616092E0,0E0,0E0,3.7281058E0,7.4451804E-1,0E0,0E0,0E0,0E0],"parents":[2147483647,0,0,2,2,3,3,4,4,8,8,9,9,10,10,13,13,14,14],"right_children":[2,-1,4,6,8,-1,-1,-1,10,12,14,-1,-1,16,18,-1,-1,-1,-1],"split_conditions":[4.4448074E-2,2.6345614E-1,7.543419E-2,5.466934E-2,1.8518029E-1,1.4188994E-2,2.7196926E-1,-2.9723355E-1,2.1676254E-1,5.342133E-1,6.724803E-1,-3.276354E-1,1.3854226E-1,3.143268E-1,6.874892E-1,2.6228783E-1,-1.5748248E-1,3.0171272E-1,1.270765E-2],"split_indices":[0,0,6,6,6,0,0,0,9,5,7,0,0,9,6,0,0,0,0],"split_type":[0,0,0,0,0,0,0,0,0,0,0,0,0,0,0,0,0,0,0],"sum_hessian":[2.2107752E1,1.3161812E0,2.079157E1,3.0540729E0,1.7737497E1,1.8765535E0,1.1775193E0,1.91441E0,1.5823088E1,4.114181E0,1.1708906E1,2.941439E0,1.1727424E0,7.855849E0,3.8530576E0,1.6077836E0,6.2480655E0,2.713697E0,1.1393607E0],"tree_param":{"num_deleted":"0","num_feature":"10","num_nodes":"19","size_leaf_vector":"1"}},{"base_weights":[2.8207975E-2,-4.7994003E-1,1.7191346E-1,4.1914787E-2,-7.18537E-1,2.4127582E-1,3.9206173E-2,-3.2105193E-2,-2.8346595E-1,-1.1886073E-1,2.33E-1,-4.3393221E-1,1.7580633E-1,-7.215663E-1,6.36069E-2,7.1012884E-1,-4.183223E-1,-3.1785426E-1,3.1333163E-2,-7.6243445E-2,3.2841405E-1,-2.4090639E-1,8.1778705E-2],"categories":[],"categories_nodes":[],"categories_segments":[],"categories_sizes":[],"default_left":[0,0,0,0,0,0,0,0,0,0,0,0,0,0,0,0,0,0,0,0,0,0,0],"id":4,"left_children":[1,3,5,-1,7,-1,9,-1,-1,11,-1,13,15,17,-1,19,21,-1,-1,-1,-1,-1,-1],"loss_changes":[1.6748493E0,8.5012436E-1,1.4567068E0,0E0,4.2819035E-1,0E0,1.9235722E0,0E0,0E0,1.3578817E0,0E0,1.4460428E0,2.7874177E0,1.518229E0,0E0,1.9473665E0,1.3734558E0,0E0,0E0,0E0,0E0,0E0,0E0],"parents":[2147483647,0,0,1,1,2,2,4,4,6,6,9,9,11,11,12,12,13,13,15,15,16,16],"right_children":[2,4,6,-1,8,-1,10,-1,-1,12,-1,14,16,18,-1,20,22,-1,-1,-1,-1,-1,-1],